{"volume":[{"0xa5546c5eb560e57031ec612940a9b662879e1ad9":11373.119358074222,"0xf9f99f982f3ea9020f0a0afd4d4679dfee1b63cf":1089,"0xdc391a5dbb89a3f768c41cfa0e85dcaaf3a91f91":10783}],"totalVolume":23245.119358074222,"valuableTraders":["0xa5546c5eb560e57031ec612940a9b662879e1ad9","0xf9f99f982f3ea9020f0a0afd4d4679dfee1b63cf","0xdc391a5dbb89a3f768c41cfa0e85dcaaf3a91f91"]}