{"volume":[{"0x1a76ef04ae0458211fc51a041a55dfe2b7d30506":5953.861584754262}],"totalVolume":5953.861584754262,"valuableTraders":["0x1a76ef04ae0458211fc51a041a55dfe2b7d30506"]}