{"volume":[{"0x2a24d20530f1678429e0530d33976ba8c437d23a":10815.446339017051,"0xf3dcefc311fc7627182a2e978936b9898f57c5ff":1466,"0xc37c20e79ccf5053e601845c0cbc7fa19b1f2d2d":10000}],"totalVolume":22281.44633901705,"valuableTraders":["0x2a24d20530f1678429e0530d33976ba8c437d23a","0xf3dcefc311fc7627182a2e978936b9898f57c5ff","0xc37c20e79ccf5053e601845c0cbc7fa19b1f2d2d"]}