{"volume":[{"0xc37c20e79ccf5053e601845c0cbc7fa19b1f2d2d":40018.05416248746,"0xab15a4681f9f93b00d4831f0be3e1813ad53550d":163521.47442326983,"0xf9f99f982f3ea9020f0a0afd4d4679dfee1b63cf":422,"0x84497d7e46f671092f3ac8455f0f7f30890df5a1":198990}],"totalVolume":402951.5285857573,"valuableTraders":["0xc37c20e79ccf5053e601845c0cbc7fa19b1f2d2d","0xab15a4681f9f93b00d4831f0be3e1813ad53550d","0xf9f99f982f3ea9020f0a0afd4d4679dfee1b63cf","0x84497d7e46f671092f3ac8455f0f7f30890df5a1"]}