{"volume":[{"0x012345403c589a51b02ee27bd41339f6114aac6a":28340.02006018054,"0xefaba1f8924709132020925061def09477dd04f0":613.8415245737211,"Other":133.40020060180544,"0x3c25c9da3e755bb3a491645fb5f79129f0e4b7fd":423.2698094282849,"0xfa320707e89d631a97d8eb213f4b4792688af2df":169.5085255767302,"0x8cc349b2072298f7ed2c7ce9bf96abc9e6889b7a":686.0581745235708,"0xd555ec2388d5c32f39f0dcdfcd850825dd541556":275.82748244734205,"0x95e3522850610033c00ceb0ab661c8a73409f6e3":6566.700100300903,"0xdf38cfc29753d0fdc33419108fd07cc126fc4d2b":216.64994984954865,"0x1d82ab252b8a8b9c1c684acfc9105873a18e03d2":609.8294884653961,"0x67d0f18e7dc9d1736d956cc3340873719fd8bd4a":147.44232698094282,"0xa9c45e56b28f25b987a517a08d8a0cfb58c71162":505.51654964894686,"0x85b70a54ebcb3b54635df59bcd5ccbd7263787f4":974.9247743229689,"0x988d5b806f4b7a6393327a4bfbc676ec9098acda":141.42427281845536,"0x13542b56fc8a9c1b0fab081e229b0c46fd247c87":229.68906720160481,"0xd1d3603463e9d74cfa42a4c81723787ba72156ee":77.23169508525577,"0xfb78c9616a1928c2bf24170e7eca0fab62a41918":406.2186559679037,"0x06ddf6308bc983ced4f38487f2cce4a3d713c83c":2346.038114343029,"0x129b5319fa3da6108d812d7536efc0292946b73d":15000,"0x6d08d19dff533050f93eaaa0a009e2771d3598bc":11339}],"totalVolume":69202.59077231695,"valuableTraders":["0x012345403c589a51b02ee27bd41339f6114aac6a","0xefaba1f8924709132020925061def09477dd04f0","0x3c25c9da3e755bb3a491645fb5f79129f0e4b7fd","0xfa320707e89d631a97d8eb213f4b4792688af2df","0x8cc349b2072298f7ed2c7ce9bf96abc9e6889b7a","0xd555ec2388d5c32f39f0dcdfcd850825dd541556","0x95e3522850610033c00ceb0ab661c8a73409f6e3","0xdf38cfc29753d0fdc33419108fd07cc126fc4d2b","0x1d82ab252b8a8b9c1c684acfc9105873a18e03d2","0x67d0f18e7dc9d1736d956cc3340873719fd8bd4a","0xa9c45e56b28f25b987a517a08d8a0cfb58c71162","0x85b70a54ebcb3b54635df59bcd5ccbd7263787f4","0x988d5b806f4b7a6393327a4bfbc676ec9098acda","0x13542b56fc8a9c1b0fab081e229b0c46fd247c87","0xd1d3603463e9d74cfa42a4c81723787ba72156ee","0xfb78c9616a1928c2bf24170e7eca0fab62a41918","0x06ddf6308bc983ced4f38487f2cce4a3d713c83c","0x129b5319fa3da6108d812d7536efc0292946b73d","0x6d08d19dff533050f93eaaa0a009e2771d3598bc"]}